Plant.Code,huc_12,YEAR,Plant.Name,County,State,Name.of.Water.Source,coolingType,ModelType,Plant.level_dom_fuel,general_mover,Net.Generation.Year.To.Date,cu_mgd,cu_lower_mgd,cu_upper_mgd,wd_mgd,wd_lower_mgd,wd_upper_mgd
3775,060102050403,2008,Clinch River,Russell,VA,Clinch River,Recirculating Tower,tower,coal,ST,3636933,4.1369981686612,3.39233849830218,4.88165783902021,5.79179743612567,3.81638081058995,9.76331567804042
3776,050500020602,2008,Glen Lyn,Giles,VA,New River,Once-through fresh,river,coal,ST,1403049,1.17900153135357,0.919621194455787,1.43838186825136,124.070555581984,56.3629656227778,932.277505322073
3788,020700100301,2008,Potomac River,Alexandria,VA,Potomac River,Once-through fresh,river,coal,ST,820028,0.617709443204757,0.48181336569971,0.753605520709803,75.7903947528519,34.347346331449,574.303625259253
3796,020802031502,2008,Bremo Bluff,Fluvanna,VA,James River,Once-through fresh,river,coal,ST,1197670,0.899937854936105,0.701951526850162,1.09792418302205,105.277910351939,47.7452543060768,795.694221588898
3797,020802060106,2008,Chesterfield,Chesterfield,VA,James River,Once-through fresh,river,multi-fuel,multiple,17651754,5.1094000655106,3.98533205109826,6.23346807992292,635.670539361825,287.996922414758,4821.5050376795
3803,020802080203,2008,Chesapeake,Chesapeake,VA,S Branch Elizabeth River,Once-through saline,OS,coal,ST,3409454,0,0,0,279.98709294443,127.024354697946,2113.44806760403
3804,020700110106,2008,Possum Point,Prince William,VA,Potomac River,Complex,complex,multi-fuel,complex,4879065,1.77635048713095,1.45660739944738,2.09609357481453,22.9770280316496,10.9422909960383,158.404559579985
3806,020802060704,2008,Surry,Surry,VA,James River,Once-through saline,OS,nuclear,ST,13497339,0,0,0,1382.07800154955,626.197382726077,10481.1510191387
3809,020801070204,2008,Yorktown,York,VA,York River,Once-through saline,OS,coal,ST,2218288,0,0,0,182.727313006184,82.9161089109824,1378.33859725181
6168,020801060602,2008,North Anna,Louisa,VA,North Anna River,Once-through fresh,lake,nuclear,ST,14433425,29.2123726419889,22.7856506607513,35.6390946232265,1553.81472088268,707.415441593292,11586.9935052695
7213,030101020601,2008,Clover,Halifax,VA,Roanoke River,Recirculating Tower,tower,coal,ST,5809328,6.71257785771224,5.50431384332404,7.92084187210045,9.39760900079714,6.19235307373954,15.8416837442009
10071,020802080206,2008,Cogentrix Virginia Leasing Corporation,Portsmouth City,VA,Wells,Recirculating Tower,tower,coal,ST,762352,1.00962649689466,0.82789372745362,1.1913592663357,1.41347709565252,0.931380443385323,2.3827185326714
10377,020802060201,2008,James River Cogeneration,City of Hopewell,VA,Municipality,Recirculating Tower,tower,coal,ST,567904,0.43288055124901,0.354962052024188,0.510799050473832,0.606032771748614,0.399332308527212,1.02159810094766
10633,020802060201,2008,Hopewell Cogeneration,Prince George,VA,Municipality,Recirculating Tower,tower,gas,NGCC,747748,0.574479333508745,0.471073053477171,0.677885613540319,0.804271066912243,0.529957185161817,1.35577122708064
10771,020802060201,2008,Hopewell Power Station,Hopewell City,VA,municipality,Recirculating Tower,tower,coal,ST,254077,0.453576373724959,0.371932626454466,0.535220120995451,0.635006923214942,0.418424204761274,1.0704402419909
10773,030101011305,2008,Altavista Power Station,Campbell,VA,Staunton River,Recirculating Tower,tower,coal,ST,185557,0.292782504837712,0.240081653966924,0.345483355708501,0.409895506772797,0.27009186071279,0.690966711417001
10774,030102011206,2008,Southampton Power Station,Southampton,VA,Wells,Recirculating Tower,tower,coal,ST,273016,0.56559957211506,0.463791649134349,0.66740749509577,0.791839400961083,0.521765605276142,1.33481499019154
50658,020700100803,2008,Covanta Fairfax Energy,Fairfax,VA,Municipality,Recirculating Tower,tower,biomass,ST,588723,1.42631988784391,1.16958230803201,1.68305746765582,1.99684784298148,1.31578009653601,3.36611493531163
50966,020802060101,2008,Bellmeade Power Station,Richmond,VA,Cooling Tower,Recirculating Tower,tower,gas,NGCC,413109,0.395708176909745,0.324480705065991,0.4669356487535,0.553991447673644,0.36504079319924,0.933871297506999
52007,030101020903,2008,Mecklenburg Power Station,Mecklenburg,VA,John H Kerr Reservoir,Recirculating Tower,tower,coal,ST,527395,0.810373217795989,0.664506038592711,0.956240396999267,1.13452250491438,0.7475692934168,1.91248079399853
52118,030101011305,2008,Multitrade of Pittsylvania LP,Pittsylvania,VA,Roanoke River,Recirculating Tower,tower,biomass,ST,488227,0.904049778257271,0.741320818170962,1.06677873834358,1.26566968956018,0.833985920442332,2.13355747668716
54081,020802060101,2008,Spruance Genco LLC,City of Richmond,VA,James River,Recirculating Tower,tower,coal,ST,1377212,1.08861208827844,0.892661912388323,1.28456226416856,1.52405692358982,1.00424465143686,2.56912452833712
54304,020801040201,2008,Birchwood Power,King George,VA,Rappahannock River,Recirculating Tower,tower,coal,ST,1563434,1.6887261030947,1.38475540453765,1.99269680165174,2.36421654433258,1.55784983010486,3.98539360330349
54998,020802080203,2008,SPSA Waste To Energy Power Plant,Portsmouth City,VA,City Of Portsmouth,Recirculating Tower,tower,biomass,ST,185399,0.0660753708049196,0.0541818040600341,0.0779689375498051,0.0925055191268874,0.0609545295675383,0.15593787509961
55439,020802040502,2008,Tenaska Virginia Generating Station,Fluvanna,VA,James River,Recirculating Tower,tower,gas,NGCC,1494569,0.859665055183627,0.704925345250574,1.01440476511668,1.20353107725708,0.793041013406895,2.02880953023336
3775,060102050403,2009,Clinch River,Russell,VA,Clinch River,Recirculating Tower,tower,coal,ST,1525809,1.91410880650791,1.56956922133648,2.25864839167933,2.67975232911107,1.76576537400354,4.51729678335866
3776,050500020602,2009,Glen Lyn,Giles,VA,New River,Once-through fresh,river,coal,ST,462736,0.522667322244877,0.407680511351004,0.637654133138751,55.9281855932536,25.4065233946934,420.333711065318
3788,020700100301,2009,Potomac River,Alexandria,VA,Potomac River,Once-through fresh,river,coal,ST,625109,0.555250315539202,0.433095246120578,0.677405384957827,68.7700249119102,31.1602971464208,521.434557490573
3796,020802031502,2009,Bremo Bluff,Fluvanna,VA,James River,Once-through fresh,river,coal,ST,921622,0.691942410697125,0.539715080343758,0.844169741050493,79.7248064949284,36.173035513708,601.638928257061
3797,020802060106,2009,Chesterfield,Chesterfield,VA,James River,Once-through fresh,river,multi-fuel,multiple,21318102,5.9309131698544,4.62611227248643,7.23571406722237,733.051706915356,332.152221718974,5558.03138468692
3803,020802080203,2009,Chesapeake,Chesapeake,VA,S Branch Elizabeth River,Once-through saline,OS,coal,ST,3304207,0,0,0,270.59074285293,122.814095860079,2039.52028251433
3804,020700110106,2009,Possum Point,Prince William,VA,Potomac River,Complex,complex,multi-fuel,complex,6658589,1.76114715604268,1.444140667955,2.07815364413037,16.2441756837981,7.89424051831312,107.083035357174
3806,020802060704,2009,Surry,Surry,VA,James River,Once-through saline,OS,nuclear,ST,13009642,0,0,0,1354.65067480293,614.603792991031,10224.7557079756
3809,020801070204,2009,Yorktown,York,VA,York River,Once-through saline,OS,coal,ST,1930439,0,0,0,162.141820372676,73.6199509704189,1220.52950102129
6168,020801060602,2009,North Anna,Louisa,VA,North Anna River,Once-through fresh,lake,nuclear,ST,15202610,30.8714921778208,24.0797638987003,37.6632204569414,1610.81808996678,731.994104916437,12089.4851400108
7213,030101020601,2009,Clover,Halifax,VA,Roanoke River,Recirculating Tower,tower,coal,ST,5587711,6.45769992662133,5.29531393982949,7.62008591341317,9.04077989726986,5.95722818230818,15.2401718268263
10071,020802080206,2009,Cogentrix Virginia Leasing Corporation,Portsmouth City,VA,Wells,Recirculating Tower,tower,coal,ST,153723,0.18350927248593,0.150477603438463,0.216540941533398,0.256912981480303,0.169287303868271,0.433081883066796
10377,020802060201,2009,James River Cogeneration,City of Hopewell,VA,Municipal,Recirculating Tower,tower,coal,ST,165847,0.0675664747893812,0.0554045093272925,0.0797284402514698,0.0945930647051336,0.0623300729932041,0.15945688050294
10633,020802060201,2009,Hopewell Cogeneration,Prince George,VA,Municipality,Recirculating Tower,tower,gas,NGCC,813852,0.547334816706226,0.448814549699105,0.645855083713346,0.766268743388716,0.504916368411493,1.29171016742669
10771,020802060201,2009,Hopewell Power Station,Hopewell City,VA,municipality,Recirculating Tower,tower,coal,ST,103516,0.161443823061409,0.132383934910355,0.190503711212462,0.226021352285972,0.14893192677415,0.381007422424925
10773,030101011305,2009,Altavista Power Station,Campbell,VA,Staunton River,Recirculating Tower,tower,coal,ST,129685,0.214828969473324,0.176159754968126,0.253498183978522,0.300760557262653,0.198179724339141,0.506996367957044
10774,030102011206,2009,Southampton Power Station,Southampton,VA,Wells,Recirculating Tower,tower,coal,ST,117082,0.318288178588572,0.260996306442629,0.375580050734515,0.445603450024001,0.293620844747958,0.75116010146903
50658,020700100803,2009,Covanta Fairfax Energy,Fairfax,VA,Municipal,Recirculating Tower,tower,biomass,ST,594277,1.46585250570179,1.20199905467547,1.72970595672811,2.05219350798251,1.3522489365099,3.45941191345623
50900,020802010503,2009,Covington Facility,Covington,VA,Jackson River,Recirculating Tower,tower,multi-fuel,ST,631399.064,0,0,0,0,0,0
50966,020802060101,2009,Bellmeade Power Station,Richmond,VA,Municipal,Recirculating Tower,tower,gas,NGCC,430816,0.368593433795929,0.302246615712661,0.434940251879196,0.5160308073143,0.340027442676744,0.869880503758391
52007,030101020903,2009,Mecklenburg Power Station,Mecklenburg,VA,John H Kerr Reservoir,Recirculating Tower,tower,coal,ST,395611,0.58761815851374,0.481846889981267,0.693389427046213,0.822665421919236,0.542077751228925,1.38677885409243
52118,030101011305,2009,Multitrade of Pittsylvania LP,Pittsylvania,VA,Roanoke River,Recirculating Tower,tower,biomass,ST,429653,0.843242046762205,0.691458478345008,0.995025615179402,1.18053886546709,0.777890788138134,1.9900512303588
54081,020802060101,2009,Spruance Genco LLC,City of Richmond,VA,James River,Recirculating Tower,tower,coal,ST,980625,0.724297953677635,0.593924322015661,0.85467158533961,1.01401713514869,0.668164862267619,1.70934317067922
54304,020801040201,2009,Birchwood Power,King George,VA,Rappahannock River,Recirculating Tower,tower,coal,ST,493807,0.485363263679635,0.3979978762173,0.572728651141969,0.679508569151489,0.447747610744463,1.14545730228394
55439,020802040502,2009,Tenaska Virginia Generating Station,Fluvanna,VA,James River,Recirculating Tower,tower,gas,NGCC,2065939,1.09481768344805,0.8977505004274,1.2918848664687,1.53274475682727,1.00996931298082,2.58376973293739
3775,060102050403,2010,Clinch River,Russell,VA,Clinch River,Recirculating Tower,tower,coal,ST,1500924.921,1.94224298688419,1.59263924924503,2.29184672452334,2.71914018163786,1.79171915540066,4.58369344904668
3776,050500020602,2010,Glen Lyn,Giles,VA,New River,Once-through fresh,river,coal,ST,213144,0.195695721418567,0.152642662706482,0.238748780130652,19.5356559327668,8.89068356648926,145.897127174384
3788,020700100301,2010,Potomac River,Alexandria,VA,Potomac River,Once-through fresh,river,coal,ST,841208,0.772825158466308,0.60280362360372,0.942846693328896,89.8811164294255,40.7689343416815,678.974847295719
3796,020802031502,2010,Bremo Bluff,Fluvanna,VA,James River,Once-through fresh,river,coal,ST,984459,0.714262985364053,0.557125128583961,0.871400842144144,88.1249208599078,39.9330143960639,667.990725512807
3797,020802060106,2010,Chesterfield,Chesterfield,VA,James River,Once-through fresh,river,multi-fuel,multiple,17649356,4.96226981103775,3.87057045260945,6.05396916946606,616.475750093414,279.3091075451,4675.43820409111
3803,020802080203,2010,Chesapeake,Chesapeake,VA,S Branch Elizabeth River,Once-through saline,OS,coal,ST,3347354,0,0,0,276.033740072574,125.210270164187,2084.83153032477
3804,020700110106,2010,Possum Point,Prince William,VA,Potomac River,Complex,complex,multi-fuel,complex,7340877,2.27075439663902,1.86201860524399,2.67949018803404,33.1487339009678,15.6819574860683,232.128658634431
3806,020802060704,2010,Surry,Surry,VA,James River,Once-through saline,OS,nuclear,ST,13172437,0,0,0,1375.47083628027,624.461581000142,10357.9019034737
3809,020801070204,2010,Yorktown,York,VA,York River,Once-through saline,OS,coal,ST,1873368,0,0,0,157.656872962178,71.548878775502,1188.70660883214
6168,020801060602,2010,North Anna,Louisa,VA,North Anna River,Once-through fresh,lake,nuclear,ST,13399462,27.0253138293231,21.079744786872,32.9708828717742,1393.36393419867,632.300483930297,10508.4362868361
7213,030101020601,2010,Clover,Halifax,VA,Roanoke River,Recirculating Tower,tower,coal,ST,6193652,7.28958840795971,5.97746249452696,8.60171432139246,10.2054237711436,6.72464530634283,17.2034286427849
10071,020802080206,2010,Portsmouth Genco LLC,PORTSMOUTH CITY,VA,Wells,Recirculating Tower,tower,coal,ST,338844,0.74251813987065,0.608864874693932,0.876171405047366,1.03952539581891,0.684972984030674,1.75234281009473
10377,020802060201,2010,James River Genco LLC,HOPEWELL CITY,VA,Municipal,Recirculating Tower,tower,coal,ST,261371,0.145361937388328,0.119196788658429,0.171527086118227,0.203506712343659,0.134096387240732,0.343054172236453
10633,020802060201,2010,Hopewell Cogeneration,Prince George,VA,Municipality,Recirculating Tower,tower,gas,NGCC,1140185,0.743770278386337,0.609891628276796,0.877648928495878,1.04127838974087,0.686128081811396,1.75529785699176
10771,020802060201,2010,Hopewell Power Station,Hopewell City,VA,municipality,Recirculating Tower,tower,coal,ST,168628,0.262527706689938,0.215272719485749,0.309782693894126,0.367538789365913,0.242181809421467,0.619565387788253
10773,030101011305,2010,Altavista Power Station,Campbell,VA,Staunton River,Recirculating Tower,tower,coal,ST,161610,0.277610613526883,0.227640703092044,0.327580523961722,0.388654858937636,0.25609579097855,0.655161047923444
10774,030102011206,2010,Southampton Power Station,Southampton,VA,Wells,Recirculating Tower,tower,coal,ST,175117,0.376063168007877,0.308371797766459,0.443754538249295,0.526488435211028,0.346918272487266,0.887509076498589
50658,020700100803,2010,Covanta Fairfax Energy,Fairfax,VA,Municipal,Recirculating Tower,tower,biomass,ST,560909,1.45354217246824,1.19190458142396,1.71517976351253,2.03495904145554,1.34089265410195,3.43035952702505
50966,020802060101,2010,Bellmeade Power Station,Richmond,VA,Municipal,Recirculating Tower,tower,gas,NGCC,716336,0.670476605769784,0.549790816731222,0.791162394808345,0.938667248077697,0.618514668822625,1.58232478961669
52007,030101020903,2010,Mecklenburg Power Station,Mecklenburg,VA,John H Kerr Reservoir,Recirculating Tower,tower,coal,ST,486418,0.744351229288134,0.61036800801627,0.878334450559998,1.04209172100339,0.686664009018304,1.75666890112
52118,030101011305,2010,Multitrade of Pittsylvania LP,Pittsylvania,VA,Roanoke River,Recirculating Tower,tower,biomass,ST,413120,0.81307352705091,0.666720292181746,0.959426761920074,1.13830293787127,0.750060328704465,1.91885352384015
54081,020802060101,2010,Spruance Genco LLC,City of Richmond,VA,James River,Recirculating Tower,tower,coal,ST,1143032,0.899478700750143,0.737572534615117,1.06138486688517,1.2592701810502,0.829769101442007,2.12276973377034
54304,020801040201,2010,Birchwood Power,King George,VA,Rappahannock River,Recirculating Tower,tower,coal,ST,821681,1.01151997794584,0.829446381915589,1.19359357397609,1.41612796912418,0.933127179655038,2.38718714795218
55439,020802040502,2010,Tenaska Virginia Generating Station,Fluvanna,VA,James River,Recirculating Tower,tower,gas,NGCC,3579646,1.85544731385284,1.52146679735933,2.18942783034635,2.59762623939398,1.71165014702925,4.3788556606927
3775,060102050403,2011,Clinch River,Russell,VA,Clinch River,Recirculating Tower,tower,coal,ST,1300178,1.74837310015195,1.43366594212459,2.0630802581793,2.44772234021272,1.61287418489017,4.12616051635859
3776,050500020602,2011,Glen Lyn,Giles,VA,New River,Once-through fresh,river,coal,ST,224849,0.249105542770304,0.194302323360837,0.303908762179771,22.7617253601417,10.3819536989599,168.655867147572
3788,020700100301,2011,Potomac River,Alexandria,VA,Potomac River,Once-through fresh,river,coal,ST,301185,0.279872889791925,0.218300854037702,0.341444925546149,33.3489328185949,15.1216914119843,252.207731435739
3796,020802031502,2011,Bremo Bluff,Fluvanna,VA,James River,Once-through fresh,river,coal,ST,817956,0.640334808639503,0.499461150738812,0.781208466540193,72.6625521448737,32.9770676195038,547.841647731593
3797,020802060106,2011,Chesterfield,Chesterfield,VA,James River,Once-through fresh,river,multi-fuel,multiple,15516442.044,4.29705297367643,3.35170131946761,5.24240462788524,520.418058165472,235.892060094855,3940.7715788062
3803,020802080203,2011,Chesapeake,Chesapeake,VA,S Branch Elizabeth River,Once-through saline,OS,coal,ST,2744383,0,0,0,239.419141479664,108.713338780233,1801.78671329071
3804,020700110106,2011,Possum Point,Prince William,VA,Potomac River,Complex,complex,multi-fuel,complex,5911088,1.58253806356952,1.29768121212701,1.86739491501204,14.7791649660072,7.16379866206686,98.3276735582805
3806,020802060704,2011,Surry,Surry,VA,James River,Once-through saline,OS,nuclear,ST,13029480,0,0,0,1350.54809014615,612.673735954296,10197.7196072347
3809,020801070204,2011,Yorktown,York,VA,York River,Once-through saline,OS,coal,ST,1400741,0,0,0,119.584533009995,54.3470135765691,897.226480396783
6168,020801060602,2011,North Anna,Louisa,VA,North Anna River,Once-through fresh,lake,nuclear,ST,12518517,25.3394269620793,19.7647530304218,30.9141008937367,1339.92156044593,609.698936647027,10010.2905816715
7213,030101020601,2011,Clover,Halifax,VA,Roanoke River,Recirculating Tower,tower,coal,ST,5176732,6.45811791687066,5.29565669183394,7.62057914190737,9.04136508361892,5.95761377831318,15.2411582838147
10071,020802080206,2011,Portsmouth Genco LLC,PORTSMOUTH CITY,VA,Wells,Recirculating Tower,tower,coal,ST,166654,0.351975694821472,0.288620069753607,0.415331319889337,0.492765972750061,0.324697578472808,0.830662639778674
10377,020802060201,2011,James River Genco LLC,HOPEWELL CITY,VA,Municipal,Recirculating Tower,tower,coal,ST,110695,0.0195631553743465,0.0160417874069642,0.0230845233417289,0.0273884175240852,0.0180470108328347,0.0461690466834578
10633,020802060201,2011,Hopewell Cogeneration,Prince George,VA,Municipality,Recirculating Tower,tower,gas,NGCC,997782.996,0.766926651942869,0.628879854593153,0.904973449292586,1.07369731272002,0.707489836417297,1.80994689858517
10771,020802060201,2011,Hopewell Power Station,Hopewell City,VA,municipality,Recirculating Tower,tower,coal,ST,66796,0.119567642846354,0.0980454671340105,0.141089818558698,0.167394699984896,0.110301150525762,0.282179637117396
10774,030102011206,2011,Southampton Power Station,Southampton,VA,Wells,Recirculating Tower,tower,coal,ST,94004,0.283651190863454,0.232593976508033,0.334708405218876,0.397111667208836,0.261668223571537,0.669416810437752
50658,020700100803,2011,Covanta Fairfax Energy,Fairfax,VA,Municipal,Recirculating Tower,tower,biomass,ST,600122,1.54840036218182,1.26968829698909,1.82711242737455,2.16776050705455,1.42839933411273,3.6542248547491
50966,020802060101,2011,Bellmeade Power Station,Richmond,VA,Municipal,Recirculating Tower,tower,gas,NGCC,509799,0.453929356500274,0.372222072330224,0.535636640670323,0.635501099100383,0.418749831371503,1.07127328134065
52007,030101020903,2011,Mecklenburg Power Station,Mecklenburg,VA,John H Kerr Reservoir,Recirculating Tower,tower,coal,ST,216920,0.376908869562533,0.309065273041277,0.444752466083789,0.527672417387547,0.347698432171437,0.889504932167579
52118,030101011305,2011,Multitrade of Pittsylvania LP,Pittsylvania,VA,Roanoke River,Recirculating Tower,tower,biomass,ST,392781,0.792938985795012,0.650209968351909,0.935668003238114,1.11011458011302,0.731486214395898,1.87133600647623
54081,020802060101,2011,Spruance Genco LLC,City of Richmond,VA,James River,Recirculating Tower,tower,coal,ST,890862,0.703882593108935,0.577183726349327,0.830581459868543,0.985435630352509,0.649331692142992,1.66116291973709
54304,020801040201,2011,Birchwood Power,King George,VA,Rappahannock River,Recirculating Tower,tower,coal,ST,507932,0.639293805100636,0.524220920182522,0.754366690018751,0.895011327140891,0.589748535205337,1.5087333800375
55439,020802040502,2011,Tenaska Virginia Generating Station,Fluvanna,VA,James River,Recirculating Tower,tower,gas,NGCC,4332537,2.42420833367428,1.98785083361291,2.86056583373565,3.39389166714399,2.23633218781452,5.72113166747129
56807,020802031502,2011,Bear Garden,Buckingham,VA,James River (ECTI),Recirculating Tower,tower,gas,NGCC,2235230.998,1.12867677974965,0.925514959394714,1.33183860010459,1.58014749164951,1.04120432931905,2.66367720020918
3775,060102050403,2012,Clinch River,Russell,VA,Clinch River,Recirculating Tower,tower,coal,ST,805094,1.30988813865984,1.07410827370107,1.54566800361862,1.83384339412378,1.20837180791371,3.09133600723723
3776,050500020602,2012,Glen Lyn,Giles,VA,New River,Once-through fresh,river,coal,ST,79742,0.10263601583532,0.0800560923515496,0.12521593931909,9.00333387711007,4.11143475943027,66.4291087385103
3788,020700100301,2012,Potomac River,Alexandria,VA,Potomac River,Once-through fresh,river,coal,ST,309773,0.304991614355706,0.237893459197451,0.372089769513961,36.6448175297888,16.6120703075268,277.371335797734
3796,020802031502,2012,Bremo Bluff,Fluvanna,VA,James River,Once-through fresh,river,coal,ST,351866,0.276314982491929,0.215525686343705,0.337104278640153,33.934978211435,15.3789715246741,257.130739552546
3797,020802060106,2012,Chesterfield,Chesterfield,VA,James River,Once-through fresh,river,multi-fuel,multiple,12720736.022,3.2615124762661,2.54397973148756,3.97904522104464,390.645271625028,177.102914920799,2956.08710996696
3803,020802080203,2012,Chesapeake,Chesapeake,VA,S Branch Elizabeth River,Once-through saline,OS,coal,ST,1386577,0,0,0,127.786836060469,58.0395975210892,960.779669845513
3804,020700110106,2012,Possum Point,Prince William,VA,Potomac River,Complex,complex,multi-fuel,complex,8126883.992,2.09609098648198,1.71879460891523,2.47338736404874,20.7577218264298,10.0234023692472,139.256370443286
3806,020802060704,2012,Surry,Surry,VA,James River,Once-through saline,OS,nuclear,ST,13390200,0,0,0,1389.07679618973,630.224768935678,10484.06738894
3809,020801070204,2012,Yorktown,York,VA,York River,Once-through saline,OS,coal,ST,749047,0,0,0,66.1353210518886,30.066498594063,495.60291873701
6168,020801060602,2012,North Anna,Louisa,VA,North Anna River,Once-through fresh,lake,nuclear,ST,15333190,31.0189564267254,24.1947860128458,37.843126840605,1621.16308101948,736.82845963962,12159.3754640375
7213,030101020601,2012,Clover,Halifax,VA,Roanoke River,Recirculating Tower,tower,coal,ST,4400124,5.57971673856016,4.57536772561933,6.58406575150099,7.81160343398423,5.14728869132175,13.168131503002
10071,020802080206,2012,Portsmouth Genco LLC,PORTSMOUTH CITY,VA,Wells,Recirculating Tower,tower,coal,ST,32124,0.0947061207168122,0.077659018987786,0.111753222445838,0.132588569003537,0.0873663963612593,0.223506444891677
10377,020802060201,2012,James River Genco LLC,HOPEWELL CITY,VA,Municipal,Recirculating Tower,tower,coal,ST,35556,0,0,0,0,0,0
10633,020802060201,2012,Hopewell Cogeneration,Prince George,VA,Municipality,Recirculating Tower,tower,gas,NGCC,1246207.002,0.979885241920893,0.803505898375132,1.15626458546665,1.37183933868925,0.903944135672023,2.31252917093331
10771,020802060201,2012,Hopewell Power Station,Hopewell City,VA,municipality,Recirculating Tower,tower,coal,ST,24935,0.0463649821162114,0.0380192853352934,0.0547106788971295,0.064910974962696,0.042771696002205,0.109421357794259
10774,030102011206,2012,Southampton Power Station,Southampton,VA,Wells,Recirculating Tower,tower,coal,ST,37440,0.135929569016219,0.1114622465933,0.160396891439139,0.190301396622707,0.125395027417462,0.320793782878277
50658,020700100803,2012,Covanta Fairfax Energy,Fairfax,VA,Municipal,Recirculating Tower,tower,biomass,ST,580452,1.47196186165752,1.20700872655917,1.73691499675588,2.06074660632053,1.35788481737907,3.47382999351176
50966,020802060101,2012,Bellmeade Power Station,Richmond,VA,Municipal,Recirculating Tower,tower,gas,NGCC,1199452.001,0.99674007360222,0.81732686035382,1.17615328685062,1.39543610304311,0.919492717898047,2.35230657370124
52007,030101020903,2012,Mecklenburg Power Station,Mecklenburg,VA,John H Kerr Reservoir,Recirculating Tower,tower,coal,ST,170551,0.306580746928451,0.25139621248133,0.361765281375572,0.429213045699831,0.282820739041496,0.723530562751144
52118,030101011305,2012,Multitrade of Pittsylvania LP,Pittsylvania,VA,Roanoke River,Recirculating Tower,tower,biomass,ST,340830,0.688329655443425,0.564430317463609,0.812228993423242,0.963661517620795,0.63498410714656,1.62445798684648
54081,020802060101,2012,Spruance Genco LLC,City of Richmond,VA,James River,Recirculating Tower,tower,coal,ST,202870,0.0198465164276979,0.0162741434707122,0.0234188893846835,0.027785122998777,0.0183084114045513,0.046837778769367
54304,020801040201,2012,Birchwood Power,King George,VA,Rappahannock River,Recirculating Tower,tower,coal,ST,406071,0.576692310520303,0.472887694626649,0.680496926413958,0.807369234728425,0.53199865645498,1.36099385282792
55439,020802040502,2012,Tenaska Virginia Generating Station,Fluvanna,VA,James River,Recirculating Tower,tower,gas,NGCC,5349183,2.7467646246145,2.25234699218389,3.24118225704511,3.8454704744603,2.53389036620687,6.48236451409021
56807,020802031502,2012,Bear Garden,Buckingham,VA,James River (ECTI),Recirculating Tower,tower,gas,NGCC,3998496.006,1.99561247052051,1.63640222582681,2.3548227152142,2.79385745872871,1.84095250405517,4.70964543042839
3775,060102050403,2013,Clinch River,Russell,VA,Clinch River,Recirculating Tower,tower,coal,ST,898073,1.35603653666777,1.11194996006757,1.60012311326797,1.89845115133488,1.25094370507602,3.20024622653594
3776,050500020602,2013,Glen Lyn,Giles,VA,New River,Once-through fresh,river,coal,ST,172129,0.20559931514781,0.160367465815292,0.250831164480328,19.4620789404016,8.86591188252473,144.814101718198
3796,020802031502,2013,Bremo Bluff,Fluvanna,VA,James River,Once-through fresh,river,coal,ST,482495,0.41859921633072,0.326507388737962,0.510691043923479,46.781139285349,21.2370087168554,352.35611530026
3797,020802060106,2013,Chesterfield,Chesterfield,VA,James River,Once-through fresh,river,multi-fuel,multiple,18081188.018,4.87320953824042,3.80110343982752,5.94531563665331,598.709310957311,271.305686132425,4537.96739540862
3803,020802080203,2013,Chesapeake,Chesapeake,VA,S Branch Elizabeth River,Once-through saline,OS,coal,ST,1549722,0,0,0,149.103413916561,67.7315617287399,1120.51040557589
3804,020700110106,2013,Possum Point,Prince William,VA,Potomac River,Complex,complex,gas,complex,7456672,1.88676224073755,1.54714503740479,2.22637944407031,16.9837510297722,8.25210507144507,112.435665920206
3806,020802060704,2013,Surry,Surry,VA,James River,Once-through saline,OS,nuclear,ST,14320958,0,0,0,1487.78550820454,675.21824199152,11217.2696486268
3809,020801070204,2013,Yorktown,York,VA,York River,Once-through saline,OS,coal,ST,917012,0,0,0,82.2964033522706,37.3885306190654,618.20926781149
6168,020801060602,2013,North Anna,Louisa,VA,North Anna River,Once-through fresh,lake,nuclear,ST,15005273,30.3015917530939,23.6352415674132,36.9679419387745,1593.22646256808,724.58313431878,11924.9938751083
7213,030101020601,2013,Clover,Halifax,VA,Roanoke River,Recirculating Tower,tower,coal,ST,5919319,7.24244696168828,5.93880650858439,8.54608741479217,10.1394257463636,6.68115732215744,17.0921748295843
10071,020802080206,2013,Portsmouth Genco LLC,PORTSMOUTH CITY,VA,Wells,Recirculating Tower,tower,coal,ST,47855,0.116032009883929,0.0951462481048217,0.136917771663036,0.1624448138375,0.107039529117924,0.273835543326072
10377,020802060201,2013,James River Genco LLC,HOPEWELL CITY,VA,Municipal,Recirculating Tower,tower,coal,ST,47360,0,0,0,0,0,0
10633,020802060201,2013,Hopewell Cogeneration,Prince George,VA,Municipality,Recirculating Tower,tower,gas,NGCC,816600,0.604293804036276,0.495520919309746,0.713066688762805,0.846011325650786,0.557461034223464,1.42613337752561
10771,020802060201,2013,Hopewell Power Station,Hopewell City,VA,municipality,Recirculating Tower,tower,multi-fuel,ST,117113,0.243485186380408,0.199657852831934,0.287312519928881,0.340879260932571,0.224615084435926,0.574625039857762
10773,030101011305,2013,Altavista Power Station,Campbell,VA,Staunton River,Recirculating Tower,tower,biomass,ST,144793,0.304030255735423,0.249304809703047,0.358755701767799,0.425642358029592,0.280467910915927,0.717511403535598
10774,030102011206,2013,Southampton Power Station,Southampton,VA,Wells,Recirculating Tower,tower,multi-fuel,ST,85393,0.198818867107743,0.163031471028349,0.234606263187137,0.27834641395084,0.183410404906893,0.469212526374273
50658,020700100803,2013,Covanta Fairfax Energy,Fairfax,VA,Municipal,Recirculating Tower,tower,biomass,ST,557810,1.45096010595149,1.18978728688022,1.71213292502275,2.03134414833208,1.33851069774024,3.4242658500455
50966,020802060101,2013,Bellmeade Power Station,Richmond City,VA,Municipal,Recirculating Tower,tower,gas,NGCC,294772,0.232364283443831,0.190538712423942,0.274189854463721,0.325309996821364,0.214356051476934,0.548379708927442
52007,030101020903,2013,Mecklenburg Power Station,Mecklenburg,VA,John H Kerr Reservoir,Recirculating Tower,tower,coal,ST,370924,0.64816698298825,0.531496926050365,0.764837039926135,0.90743377618355,0.597934041806661,1.52967407985227
52118,030101011305,2013,Multitrade of Pittsylvania LP,Pittsylvania,VA,Roanoke River,Recirculating Tower,tower,biomass,ST,369339,0.717058064261791,0.587987612694669,0.846128515828913,1.00388128996651,0.661486064281502,1.69225703165783
54081,020802060101,2013,Spruance Genco LLC,Richmond City,VA,James River,Recirculating Tower,tower,coal,ST,216625,0.00451182038888933,0.00369969271888925,0.00532394805888941,0.00631654854444506,0.0041621543087504,0.0106478961177788
54304,020801040201,2013,Birchwood Power,King George,VA,Rappahannock River,Recirculating Tower,tower,coal,ST,586645,0.798986693997843,0.655169089078232,0.942804298917455,1.11858137159698,0.737065225213011,1.88560859783491
55439,020802040502,2013,Tenaska Virginia Generating Station,Fluvanna,VA,James River,Recirculating Tower,tower,gas,NGCC,4482557,2.2128178427657,1.81451063106788,2.61112505446353,3.09794497987198,2.04132445995136,5.22225010892706
56807,020802031502,2013,Bear Garden,Buckingham,VA,James River (ECTI),Recirculating Tower,tower,gas,NGCC,3732284,1.73464923555908,1.42241237315845,2.04688609795972,2.42850892978272,1.60021391980325,4.09377219591944
58560,030101040404,2013,Halifax County Biomass,Halifax,VA,HCSA Maple Avenue WWTP,Recirculating Tower,tower,biomass,ST,39080,0.0528617981096468,0.0433466744499103,0.0623769217693832,0.0740065173535055,0.0487650087561491,0.124753843538766
3775,060102050403,2014,Clinch River,Russell,VA,Clinch River,Recirculating Tower,tower,coal,ST,729194,0.989698898095874,0.811553096438616,1.16784469975313,1.38557845733422,0.912997233493444,2.33568939950626
3776,050500020602,2014,Glen Lyn,Giles,VA,New River,Once-through fresh,river,coal,ST,92081,0.0662848792844697,0.0517022058418864,0.0808675527270531,8.07432290735064,3.65823921572787,61.247430985552
3796,020802031502,2014,Bremo Bluff,Fluvanna,VA,James River,Once-through fresh,river,gas,ST,364165,0.301221451302856,0.234952732016228,0.367490170589485,35.8415312387032,16.252234907807,271.040839464486
3797,020802060106,2014,Chesterfield,Chesterfield,VA,James River,Once-through fresh,river,multi-fuel,multiple,23737746.036,5.68820909512115,4.43680309419449,6.9396150960478,723.422366729691,327.646746466602,5493.44481737037
3803,020802080203,2014,Chesapeake,Chesapeake City,VA,S Branch Elizabeth River,Once-through saline,OS,coal,ST,1405016,0,0,0,135.031625742327,61.2160859284482,1021.9321581682
3804,020700110106,2014,Possum Point,Prince William,VA,Potomac River,Complex,complex,multi-fuel,complex,7245594.014,2.06823231347541,1.69595049704983,2.44051412990098,8.63186551955365,4.50842071231919,48.2978073769912
3806,020802060704,2014,Surry,Surry,VA,James River,Once-through saline,OS,nuclear,ST,14332325,0,0,0,1488.85781017801,675.60254910379,11231.2627215173
3809,020801070204,2014,Yorktown,York,VA,York River,Once-through saline,OS,coal,ST,1067509,0,0,0,96.3102506409089,43.6943011713887,727.010510130996
6168,020801060602,2014,North Anna,Louisa,VA,North Anna River,Once-through fresh,lake,nuclear,ST,15888652,32.1544432812896,25.0804657594059,39.2284208031734,1671.16426426096,759.213358087933,12554.8582796202
7213,030101020601,2014,Clover,Halifax,VA,Roanoke River,Recirculating Tower,tower,coal,ST,5678306,6.77874680910001,5.55857238346201,7.99892123473801,9.49024553274002,6.25339393139476,15.997842469476
10071,020802080206,2014,Portsmouth Genco LLC,PORTSMOUTH CITY,VA,Wells,Recirculating Tower,tower,coal,ST,107917,0.198127501074585,0.162464550881159,0.23379045126801,0.277378501504418,0.182772619741304,0.46758090253602
10377,020802060201,2014,James River Genco LLC,HOPEWELL CITY,VA,Municipal,Recirculating Tower,tower,coal,ST,98623,0.0517934968098822,0.0424706673841034,0.061116326235661,0.0725108955338351,0.0477795008071163,0.122232652471322
10633,020802060201,2014,Hopewell Cogeneration,Prince George,VA,Municipality,Recirculating Tower,tower,gas,NGCC,1017173,0.742853788544831,0.609140106606762,0.876567470482901,1.03999530396276,0.685282619932607,1.7531349409658
10771,020802060201,2014,Hopewell Power Station,Hopewell City,VA,municipality,Recirculating Tower,tower,biomass,ST,265667,0.57503122745194,0.471525606510591,0.678536848393289,0.805043718432716,0.530466307324414,1.35707369678658
10773,030101011305,2014,Altavista Power Station,Campbell,VA,Staunton River,Recirculating Tower,tower,biomass,ST,226877,0.424797425128763,0.348333888605586,0.501260961651941,0.594716395180268,0.391875624681284,1.00252192330388
10774,030102011206,2014,Southampton Power Station,Southampton,VA,Wells,Recirculating Tower,tower,biomass,ST,253411,0.304437827388375,0.249639018458468,0.359236636318283,0.426212958343725,0.280843895765776,0.718473272636565
50658,020700100803,2014,Covanta Fairfax Energy,Fairfax,VA,Municipal,Recirculating Tower,tower,biomass,ST,588615,1.4249179426449,1.16843271296882,1.68140317232098,1.99488511970286,1.31448680208992,3.36280634464196
50966,020802060101,2014,Bellmeade Power Station,Richmond City,VA,Municipal,Recirculating Tower,tower,multi-fuel,NGCC,251792,0.221688683828247,0.181784720739162,0.261592646917331,0.310364157359546,0.204507810831558,0.523185293834663
52007,030101020903,2014,Mecklenburg Power Station,Mecklenburg,VA,John H Kerr Reservoir,Recirculating Tower,tower,coal,ST,454700,0.699369845128692,0.573483273005527,0.825256417251856,0.979117783180169,0.645168682131218,1.65051283450371
52118,030101011305,2014,Multitrade of Pittsylvania LP,Pittsylvania,VA,Roanoke River,Recirculating Tower,tower,biomass,ST,322259,0.66702942543033,0.546964128852871,0.78709472200779,0.933841195602462,0.61533464495948,1.57418944401558
54081,020802060101,2014,Spruance Genco LLC,Richmond City,VA,James River,Recirculating Tower,tower,coal,ST,247766,0.0671793540480226,0.0550870703193786,0.0792716377766667,0.0940510956672317,0.0619729541093009,0.158543275553333
54304,020801040201,2014,Birchwood Power,King George,VA,Rappahannock River,Recirculating Tower,tower,coal,ST,848351,1.09405146013935,0.897122197314267,1.29098072296443,1.53167204419509,1.00926247197855,2.58196144592887
55439,020802040502,2014,Tenaska Virginia Generating Station,Fluvanna,VA,James River,Recirculating Tower,tower,gas,NGCC,3701880,1.97906966334002,1.62283712393882,2.33530220274123,2.77069752867603,1.82569176443117,4.67060440548245
56807,020802031502,2014,Bear Garden,Buckingham,VA,James River (ECTI),Recirculating Tower,tower,gas,NGCC,3172358.999,1.5347626612901,1.25850538225788,1.81101994032232,2.14866772580614,1.41581855504012,3.62203988064464
58560,030101040404,2014,Halifax County Biomass,Halifax,VA,HCSA Maple Avenue WWTP,Recirculating Tower,tower,biomass,ST,202625,0.307714208745548,0.25232565117135,0.363102766319747,0.430799892243768,0.283866357567768,0.726205532639494
3775,060102050403,2015,Clinch River,Russell,VA,Clinch River,Recirculating Tower,tower,coal,ST,461977,0.6580745230575,0.53962110890715,0.77652793720785,0.9213043322805,0.607073747520543,1.5530558744157
3776,050500020602,2015,Glen Lyn,Giles,VA,New River,Once-through fresh,river,coal,ST,67583,0.0442480996656607,0.0345135177392153,0.053982681592106,5.62689895096126,2.54695043477901,42.8216366482371
3796,020802031502,2015,Bremo Bluff,Fluvanna,VA,James River,Once-through fresh,river,gas,ST,214579,0.164537629926484,0.128339351342658,0.200735908510311,19.7493906365166,8.95381313455871,149.445048604417
3797,020802060106,2015,Chesterfield,Chesterfield,VA,James River,Once-through fresh,river,multi-fuel,multiple,9872386,4.40013154242046,3.43210260308796,5.36816048175296,545.354095002672,247.102647404798,4135.09130412075
3804,020700110106,2015,Possum Point,Prince William,VA,Potomac River,Complex,complex,gas,complex,3576974,2.00181216068545,1.64148597176207,2.36213834960884,7.50230782252891,3.98001559567071,40.1350090519472
3806,020802060704,2015,Surry,Surry,VA,James River,Once-through saline,OS,nuclear,ST,11789726,0,0,0,1221.24327168387,554.013913366308,9221.2379765263
3809,020801070204,2015,Yorktown,York,VA,York River,Once-through saline,OS,multi-fuel,ST,565308,0,0,0,54.0052083900449,24.4845085523858,408.67205623667
6168,020801060602,2015,North Anna,Louisa,VA,North Anna River,Once-through fresh,lake,nuclear,ST,16270632,32.9513303160375,25.7020376465093,40.2006229855658,1732.6368268923,788.07257376544,12962.8042221691
7213,030101020601,2015,Clover,Halifax,VA,Roanoke River,Recirculating Tower,tower,coal,ST,5484916,6.69311288023885,5.48835256179585,7.89787319868184,9.37035803233439,6.17439663202034,15.7957463973637
10071,020802080206,2015,Portsmouth Genco LLC,PORTSMOUTH CITY,VA,Wells,Recirculating Tower,tower,coal,ST,65740,0.119380925828581,0.0978923591794364,0.140869492477726,0.167133296160013,0.110128904076866,0.281738984955451
10377,020802060201,2015,James River Genco LLC,HOPEWELL CITY,VA,Municipality,Recirculating Tower,tower,coal,ST,68146,0.00134618046420293,0.0011038679806464,0.00158849294775945,0.0018846526498841,0.0012418514782272,0.00317698589551891
10633,020802060201,2015,Hopewell Cogeneration,Prince George,VA,Municipality,Recirculating Tower,tower,gas,NGCC,1506532,1.04435420175532,0.85637044543936,1.23233795807127,1.46209588245744,0.96341675111928,2.46467591614255
10771,020802060201,2015,Hopewell Power Station,Hopewell City,VA,municipality,Recirculating Tower,tower,biomass,ST,262577,0.559172365075369,0.458521339361802,0.659823390788935,0.782841311105516,0.515836506782028,1.31964678157787
10773,030101011305,2015,Altavista Power Station,Campbell,VA,Staunton River,Recirculating Tower,tower,biomass,ST,268695,0.469120240512173,0.384678597219982,0.553561883804365,0.656768336717043,0.43276342187248,1.10712376760873
10774,030102011206,2015,Southampton Power Station,Southampton,VA,Wells,Recirculating Tower,tower,biomass,ST,290307,0.350310327930794,0.287254468903251,0.413366186958336,0.490434459103111,0.323161277516157,0.826732373916673
50658,020700100803,2015,Covanta Fairfax Energy,Fairfax,VA,Municipality,Recirculating Tower,tower,biomass,ST,521433,1.29069245143648,1.05836781017791,1.52301709269505,1.80696943201107,1.19066378645015,3.04603418539009
50966,020802060101,2015,Bellmeade Power Station,Richmond City,VA,Municipality,Recirculating Tower,tower,gas,NGCC,1243668,1.00290573518843,0.822382702854511,1.18342876752235,1.4040680292638,0.925180540711325,2.36685753504469
52007,030101020903,2015,Mecklenburg Power Station,Mecklenburg,VA,John H Kerr Reservoir,Recirculating Tower,tower,coal,ST,335919,0.547291502489487,0.448779032041379,0.645803972937595,0.766208103485282,0.504876411046552,1.29160794587519
52118,030101011305,2015,Multitrade of Pittsylvania LP,Pittsylvania,VA,Roanoke River,Recirculating Tower,tower,biomass,ST,267414,0.532098688333356,0.436320924433352,0.62787645223336,0.744938163666699,0.490861039987521,1.25575290446672
54081,020802060101,2015,Spruance Genco LLC,Richmond City,VA,James River,Recirculating Tower,tower,coal,ST,190434,0.026116401005539,0.021415448824542,0.030817353186536,0.0365629614077546,0.0240923799276098,0.0616347063730721
54304,020801040201,2015,Birchwood Power,King George,VA,Rappahannock River,Recirculating Tower,tower,coal,ST,560883,0.774528440191494,0.635113320957025,0.913943559425963,1.08433981626809,0.714502486076653,1.82788711885193
55439,020802040502,2015,Tenaska Virginia Generating Station,Fluvanna,VA,James River,Recirculating Tower,tower,gas,NGCC,5000520,2.73752624863646,2.2447715238819,3.23028097339102,3.83253674809104,2.52536796436713,6.46056194678204
56807,020802031502,2015,Bear Garden,Buckingham,VA,James River (ECTI),Recirculating Tower,tower,gas,NGCC,3459459,1.71450057324696,1.40589047006251,2.02311067643141,2.40030080254574,1.58162677882032,4.04622135286282
58560,030101040404,2015,Halifax County Biomass,Halifax,VA,HCSA Maple Avenue WWTP,Recirculating Tower,tower,biomass,ST,255258,0.405532074469695,0.33253630106515,0.47852784787424,0.567744904257573,0.374103338698293,0.957055695748479
3775,060102050403,2016,Clinch River,Russell,VA,Clinch River,Recirculating Tower,tower,gas,ST,297008,0.516951451263154,0.423900190035786,0.610002712490521,0.723732031768415,0.476887713790259,1.22000542498104
3796,020802031502,2016,Bremo Bluff,Fluvanna,VA,James River,Once-through fresh,river,gas,ST,401060,0.332054524194995,0.259002528872096,0.405106519517893,36.6737004936077,16.6523450795051,276.011455403967
3797,020802060106,2016,Chesterfield,Chesterfield,VA,James River,Once-through fresh,river,multi-fuel,multiple,8687883,5.19605584923078,4.05292356240001,6.33918813606155,639.464105662906,289.771048002672,4846.99921945201
3804,020700110106,2016,Possum Point,Prince William,VA,Potomac River,Complex,complex,gas,complex,3543579,1.85120987127575,1.51799209444612,2.18442764810539,11.9294075631885,5.94912637744642,74.5541691587646
3806,020802060704,2016,Surry,Surry,VA,James River,Once-through saline,OS,nuclear,ST,14610518,0,0,0,1516.92833724155,688.48128476048,11434.6295718373
3809,020801070204,2016,Yorktown,York,VA,York River,Once-through saline,OS,multi-fuel,ST,480540,0,0,0,49.1046018916293,22.2747604446665,370.8512723355
6168,020801060602,2016,North Anna,Louisa,VA,North Anna River,Once-through fresh,lake,nuclear,ST,15121377,30.4994024183805,23.7895338863368,37.2092709504242,1612.14303091173,733.536846675836,12045.725522201
7213,030101020601,2016,Clover,Halifax,VA,Roanoke River,Recirculating Tower,tower,coal,ST,5444917,6.70035359255451,5.4942899458947,7.90641723921432,9.38049502957631,6.18107618913154,15.8128344784286
10377,020802060201,2016,James River Genco LLC,Hopewell City,VA,Municipality,Recirculating Tower,tower,coal,ST,38320,0,0,0,0,0,0
10633,020802060201,2016,Hopewell Cogeneration,Prince George,VA,Municipality,Recirculating Tower,tower,gas,NGCC,1200108,1.06870704269241,0.876339775007779,1.26107431037705,1.49618985976938,0.985882246883751,2.5221486207541
10771,020802060201,2016,Hopewell Power Station,Hopewell City,VA,municipality,Recirculating Tower,tower,biomass,ST,306059,0.595190097294709,0.488055879781662,0.702324314807757,0.833266136212593,0.549062864754369,1.40464862961551
10773,030101011305,2016,Altavista Power Station,Campbell,VA,Staunton River,Recirculating Tower,tower,biomass,ST,282677,0.519484299224647,0.425977125364211,0.612991473085083,0.727278018914506,0.479224266034737,1.22598294617017
10774,030102011206,2016,Southampton Power Station,Southampton,VA,Wells,Recirculating Tower,tower,biomass,ST,296083,0.560933441495827,0.459965422026578,0.661901460965076,0.785306818094158,0.517461099779901,1.32380292193015
50658,020700100803,2016,Covanta Fairfax Energy,Fairfax,VA,Municipality,Recirculating Tower,tower,biomass,ST,533576,1.3357007946727,1.09527465163162,1.57612693771379,1.86998111254178,1.23218398308557,3.15225387542758
50966,020802060101,2016,Bellmeade Power Station,Richmond City,VA,Municipality,Recirculating Tower,tower,gas,NGCC,936607,0.75152802384063,0.616252979549316,0.886803068131943,1.05213923337688,0.693284601992981,1.77360613626389
52007,030101020903,2016,Mecklenburg Power Station,Mecklenburg,VA,John H Kerr Reservoir,Recirculating Tower,tower,coal,ST,299716,0.508390569650302,0.416880267113247,0.599900872187356,0.711746797510422,0.468990300502403,1.19980174437471
52118,030101011305,2016,Multitrade of Pittsylvania LP,Pittsylvania,VA,Roanoke River,Recirculating Tower,tower,biomass,ST,146658,0.329695866509945,0.270350610538155,0.389041122481735,0.461574213113923,0.304144436855424,0.77808224496347
54081,020802060101,2016,Spruance Genco LLC,Richmond City,VA,James River,Recirculating Tower,tower,coal,ST,134978,0,0,0,0,0,0
54304,020801040201,2016,Birchwood Power,King George,VA,Rappahannock River,Recirculating Tower,tower,coal,ST,443419,0.637448147988636,0.522707481350682,0.75218881462659,0.89242740718409,0.588045916519517,1.50437762925318
55439,020802040502,2016,Tenaska Virginia Generating Station,Fluvanna,VA,James River,Recirculating Tower,tower,gas,NGCC,5207204,2.58046439920075,2.11598080734461,3.04494799105688,3.61265015888105,2.38047840826269,6.08989598211376
56807,020802031502,2016,Bear Garden,Buckingham,VA,James River (ECTI),Recirculating Tower,tower,gas,NGCC,3614390,1.5462186374966,1.26789928274721,1.82453799224599,2.16470609249524,1.42638669309061,3.64907598449198
58260,030102040602,2016,Brunswick County Power Station,Brunswick,VA,NA,Complex,complex,gas,NGCC,5895472,0.651825290388172,0,3.84576921329022,0.912555406543441,0,7.69153842658043
58560,030101040404,2016,Halifax County Biomass,Halifax,VA,HCSA Maple Avenue WWTP,Recirculating Tower,tower,biomass,ST,208730,0.336930099778954,0.276282681818743,0.397577517739166,0.471702139690536,0.310818017046085,0.795155035478332
3775,060102050403,2017,Clinch River,Russell,VA,Clinch River,Recirculating Tower,tower,gas,ST,226677,0.407032674287685,0.333766792915902,0.480298555659469,0.56984574400276,0.37548764203039,0.960597111318938
3796,020802031502,2017,Bremo Bluff,Fluvanna,VA,James River,Once-through fresh,river,gas,ST,123735,0.102524600744883,0.0799691885810086,0.125080012908757,11.4119161708078,5.18148266270426,85.9110564252125
3797,020802060106,2017,Chesterfield,Chesterfield,VA,James River,Once-through fresh,river,multi-fuel,multiple,6447513,2.46073163441649,1.91937067484486,3.00209259398811,298.59354244018,135.331897884171,2261.79652367902
3804,020700110106,2017,Possum Point,Prince William,VA,Potomac River,Complex,complex,gas,complex,2804438,1.5272244883932,1.25232408048242,1.80212489630397,6.41090335470519,3.35104465639956,35.6392123910776
3806,020802060704,2017,Surry,Surry,VA,James River,Once-through saline,OS,nuclear,ST,14427647,0,0,0,1503.45383186428,682.43243417873,11329.431516339
3809,020801070204,2017,Yorktown,York,VA,York River,Once-through saline,OS,multi-fuel,ST,86579,0,0,0,10.6741753715742,4.85168546338617,80.0580052621928
6168,020801060602,2017,North Anna,Louisa,VA,North Anna River,Once-through fresh,lake,nuclear,ST,16126087,32.6446791334955,25.4628497241265,39.8265085428645,1695.00981229941,769.957263115411,12738.2518660269
7213,030101020601,2017,Clover,Halifax,VA,Roanoke River,Recirculating Tower,tower,coal,ST,3266582,4.29789721296789,3.52427571463367,5.07151871130211,6.01705609815505,3.96481017896288,10.1430374226042
10377,020802060201,2017,James River Genco LLC,Hopewell City,VA,Municipality,Recirculating Tower,tower,coal,ST,34839,0.00306989494883073,0.0025173138580412,0.00362247603962026,0.00429785292836302,0.00283197809029635,0.00724495207924052
10633,020802060201,2017,Hopewell Cogeneration,Prince George,VA,Municipality,Recirculating Tower,tower,gas,NGCC,1105134,0.971596579344963,0.79670919506287,1.14648396362706,1.36023521108295,0.896297844445729,2.29296792725411
10771,020802060201,2017,Hopewell Power Station,Hopewell City,VA,Municipality,Recirculating Tower,tower,biomass,ST,294918,0.608680399373971,0.499117927486656,0.718242871261285,0.852152559123559,0.561507668422488,1.43648574252257
10773,030101011305,2017,Altavista Power Station,Campbell,VA,Staunton River,Recirculating Tower,tower,biomass,ST,275603,0.504585622965912,0.413760210832048,0.595411035099777,0.706419872152277,0.465480237186054,1.19082207019955
10774,030102011206,2017,Southampton Power Station,Southampton,VA,Wells,Recirculating Tower,tower,biomass,ST,279159,0.534990359536845,0.438692094820213,0.631288624253477,0.748986503351583,0.49352860667274,1.26257724850695
50658,020700100803,2017,Covanta Fairfax Energy,Fairfax,VA,Municipality,Recirculating Tower,tower,biomass,ST,57565,0.137447842004459,0.112707230443657,0.162188453565262,0.192426978806243,0.126795634249114,0.324376907130524
50966,020802060101,2017,Bellmeade Power Station,Richmond City,VA,Municipality,Recirculating Tower,tower,gas,NGCC,179660,0.158472075029778,0.129947101524418,0.186997048535139,0.22186090504169,0.146190489214971,0.373994097070277
52007,030101020903,2017,Mecklenburg Power Station,Mecklenburg,VA,John H Kerr Reservoir,Recirculating Tower,tower,coal,ST,151102,0.278316763455425,0.228219746033448,0.328413780877401,0.389643468837595,0.256747214287629,0.656827561754802
52118,030101011305,2017,Multitrade of Pittsylvania LP,Pittsylvania,VA,Roanoke River,Recirculating Tower,tower,biomass,ST,109460,0.203224570598499,0.16664414789077,0.239804993306229,0.284514398837899,0.187474666377116,0.479609986612459
54081,020802060101,2017,Spruance Genco LLC,Richmond City,VA,James River,Recirculating Tower,tower,coal,ST,84026,0,0,0,0,0,0
54304,020801040201,2017,Birchwood Power,King George,VA,Rappahannock River,Recirculating Tower,tower,coal,ST,412996,0.595787153154331,0.488545465586552,0.703028840722111,0.834102014416064,0.549613648784871,1.40605768144422
55439,020802040502,2017,Tenaska Virginia Generating Station,Fluvanna,VA,James River,Recirculating Tower,tower,gas,NGCC,6038534,2.92728492473596,2.40037363828348,3.45419621118843,4.09819889463034,2.70042034306892,6.90839242237685
56807,020802031502,2017,Bear Garden,Buckingham,VA,James River (ECTI),Recirculating Tower,tower,gas,NGCC,3218560,1.23244263341144,1.01060295939738,1.45428230742549,1.72541968677601,1.13692832932205,2.90856461485099
58560,030101040404,2017,Halifax County Biomass,Halifax,VA,HCSA Maple Avenue WWTP,Recirculating Tower,tower,biomass,ST,213722,0.359746480719709,0.294992114190161,0.424500847249257,0.503645073007593,0.331866128463932,0.849001694498514
59004,020700080703,2017,Stonewall,Loudoun,VA,Municipality,Recirculating Tower,tower,gas,NGCC,3291609,1.62550308679483,1.33291253117176,1.9180936424179,2.27570432151276,1.49952659756823,3.8361872848358
3775,060102050403,2018,Clinch River,Russell,VA,Clinch River,Recirculating Tower,tower,gas,ST,563546,0.960061346324551,0.787250303986132,1.13287238866297,1.34408588485437,0.885656591984398,2.26574477732594
3796,020802031502,2018,Bremo Bluff,Fluvanna,VA,James River,Once-through fresh,river,gas,ST,14083,0.0102672027001937,0.00800841810615107,0.0125259872942363,1.39509880216052,0.631225307817332,10.6317960433342
3797,020802060106,2018,Chesterfield,Chesterfield,VA,James River,Once-through fresh,river,multi-fuel,multiple,4149677,1.44478831371871,1.1269348847006,1.76264174273683,169.827410213917,77.0149917405982,1283.82842823717
3804,020700110106,2018,Possum Point,Prince William,VA,Potomac River,Complex,complex,gas,complex,3721172,1.78326210934059,1.46227492965928,2.10424928902189,13.3235503161951,6.56752555888188,85.3249621247525
3806,020802060704,2018,Surry,Surry,VA,James River,Once-through saline,OS,nuclear,ST,13219137,0,0,0,1373.26118466451,623.192871573497,10356.7633349216
3809,020801070204,2018,Yorktown,York,VA,York River,Once-through saline,OS,multi-fuel,ST,626058,0,0,0,63.4426229629335,28.8917189608537,472.646388471036
6168,020801060602,2018,North Anna,Louisa,VA,North Anna River,Once-through fresh,lake,nuclear,ST,16032531,32.4491239805128,25.3103167048,39.5879312562256,1723.85098146671,784.892277230207,12851.4353467136
7213,030101020601,2018,Clover,Halifax,VA,Roanoke River,Recirculating Tower,tower,coal,ST,2917180,3.64879389458597,2.9920109935605,4.30557679561144,5.10831145242036,3.36601236775556,8.61115359122289
10377,020802060201,2018,James River Genco LLC,Hopewell City,VA,Municipality,Recirculating Tower,tower,coal,ST,44185,0,0,0,0,0,0
10633,020802060201,2018,Hopewell Cogeneration,Prince George,VA,Municipality,Recirculating Tower,tower,gas,NGCC,1434087,1.24324487059878,1.019460793891,1.46702894730656,1.74054281883829,1.14689339312738,2.93405789461313
10771,020802060201,2018,Hopewell Power Station,Hopewell City,VA,Municipality,Recirculating Tower,tower,biomass,ST,305797,0.635419038051148,0.521043611201941,0.749794464900355,0.889586653271607,0.586174062602184,1.49958892980071
10773,030101011305,2018,Altavista Power Station,Campbell,VA,Staunton River,Recirculating Tower,tower,biomass,ST,274069,0.5619043448758,0.460761562798156,0.663047126953444,0.786666082826121,0.518356758147926,1.32609425390689
10774,030102011206,2018,Southampton Power Station,Southampton,VA,Wells,Recirculating Tower,tower,biomass,ST,313703,0.668106362262059,0.547847217054888,0.788365507469229,0.935348907166882,0.616328119186749,1.57673101493846
50658,020700100803,2018,Covanta Fairfax Energy,Fairfax,VA,Municipality,Recirculating Tower,tower,biomass,ST,663657,1.49564264320258,1.22642696742612,1.76485831897905,2.09389970048361,1.37973033835438,3.52971663795809
50966,020802060101,2018,Bellmeade Power Station,Richmond City,VA,Municipality,Recirculating Tower,tower,oil,NGCC,39792,0.0259097908777022,0.0212460285197158,0.0305735532356886,0.0362737072287831,0.0239017820846803,0.0611471064713773
52007,030101020903,2018,Mecklenburg Power Station,Mecklenburg,VA,John H Kerr Reservoir,Recirculating Tower,tower,coal,ST,57984,0.0781486128935697,0.0640818625727271,0.0922153632144122,0.109408058050998,0.072092095394318,0.184430726428824
52118,030101011305,2018,Multitrade of Pittsylvania LP,Pittsylvania,VA,Roanoke River,Recirculating Tower,tower,biomass,ST,102952,0.187525234996148,0.153770692696842,0.221279777295455,0.262535328994607,0.172992029283947,0.44255955459091
54081,020802060101,2018,Spruance Genco LLC,Richmond City,VA,James River,Recirculating Tower,tower,coal,ST,38985,0,0,0,0,0,0
54304,020801040201,2018,Birchwood Power,King George,VA,Rappahannock River,Recirculating Tower,tower,coal,ST,547512,0.759220985467257,0.622561208083151,0.895880762851363,1.06290937965416,0.700381359093544,1.79176152570273
55439,020802040502,2018,Tenaska Virginia Generating Station,Fluvanna,VA,James River,Recirculating Tower,tower,gas,NGCC,5771750,2.8548659628323,2.34099008952248,3.36874183614211,3.99681234796522,2.63361385071279,6.73748367228422
56807,020802031502,2018,Bear Garden,Buckingham,VA,James River (ECTI),Recirculating Tower,tower,gas,NGCC,4012754,1.70702186798284,1.39975793174593,2.01428580421975,2.38983061517597,1.57472767321417,4.02857160843949
58560,030101040404,2018,Halifax County Biomass,Halifax,VA,HCSA Maple Avenue WWTP,Recirculating Tower,tower,biomass,ST,260291,0.459450907593832,0.376749744226942,0.542152070960722,0.643231270631365,0.42384346225531,1.08430414192144
59004,020700080703,2018,Stonewall,Loudoun,VA,Municipality,Recirculating Tower,tower,gas,NGCC,4868251,2.09220151859033,1.71560524524407,2.46879779193659,2.92908212602646,1.93005590089958,4.93759558387317
3775,060102050403,2019,Clinch River,Russell,VA,Clinch River,Recirculating Tower,tower,gas,ST,338987,0.597300960065797,0.489786787253954,0.704815132877641,0.836221344092116,0.551010135660698,1.40963026575528
3797,020802060106,2019,Chesterfield,Chesterfield,VA,James River,Once-through fresh,river,multi-fuel,multiple,3614833,0.698098419462168,0.544516767180491,0.851680071743845,84.0377745927243,38.0982798082081,635.987705086796
3804,020700110106,2019,Possum Point,Prince William,VA,Potomac River,Recirculating Tower,tower,gas,multiple,2856053,1.53268433832211,1.25680115742413,1.80856751922009,2.14575807365095,1.41390130210214,3.61713503844017
3806,020802060704,2019,Surry,Surry,VA,James River,Once-through saline,OS,nuclear,ST,14172977,0,0,0,1466.07396756971,665.142872662833,11066.1849817831
3809,020801070204,2019,Yorktown,York,VA,York River,Once-through saline,OS,multi-fuel,ST,61459,0,0,0,7.43634243285814,3.38205163996198,55.6479005381854
6168,020801060602,2019,North Anna,Louisa,VA,North Anna River,Once-through fresh,lake,nuclear,ST,15324539,30.9165826555743,24.114934471348,37.7182308398007,1611.72055059127,732.363429118326,12098.9454468534
7213,030101020601,2019,Clover,Halifax,VA,Roanoke River,Recirculating Tower,tower,coal,ST,1281310,1.69477189827575,1.38971295658612,1.99983083996539,2.37268065758606,1.56342707615938,3.99966167993078
10377,020802060201,2019,James River Genco LLC,Hopewell City,VA,Municipality,Recirculating Tower,tower,coal,ST,17158,0,0,0,0,0,0
10633,020802060201,2019,Hopewell Cogeneration,Prince George,VA,Municipality,Recirculating Tower,tower,gas,NGCC,1495428,1.27022585578642,1.04158520174486,1.49886650982797,1.77831619810099,1.17178335196297,2.99773301965595
10771,020802060201,2019,Hopewell Power Station,Hopewell City,VA,Municipality,Recirculating Tower,tower,biomass,ST,285836,0.616118081880368,0.505216827141902,0.727019336618835,0.862565314632516,0.56836893053464,1.45403867323767
10773,030101011305,2019,Altavista Power Station,Campbell,VA,Staunton River,Recirculating Tower,tower,biomass,ST,272457,0.533045310069649,0.437097154257113,0.628993465882186,0.746263434097509,0.491734298539252,1.25798693176437
10774,030102011206,2019,Southampton Power Station,Southampton,VA,Wells,Recirculating Tower,tower,biomass,ST,265571,0.585653924276483,0.480236217906716,0.69107163064625,0.819915493987076,0.540265745145056,1.3821432612925
50658,020700100803,2019,Covanta Fairfax Energy,Fairfax,VA,Municipality,Recirculating Tower,tower,biomass,ST,723286,1.50587153714461,1.23481466045858,1.77692841383064,2.10822015200246,1.3891664930159,3.55385682766128
54081,020802060101,2019,Spruance Operating Services LLC,Richmond City,VA,James River,Recirculating Tower,tower,multi-fuel,ST,16219,0,0,0,0,0,0
54304,020801040201,2019,Birchwood Power,King George,VA,Rappahannock River,Recirculating Tower,tower,coal,ST,51529,0.0959553408577786,0.0786833795033784,0.113227302212179,0.13433747720089,0.0885188019413008,0.226454604424357
55439,020802040502,2019,Tenaska Virginia Generating Station,Fluvanna,VA,James River,Recirculating Tower,tower,gas,NGCC,5938030,2.87175873182469,2.35484216009624,3.38867530355313,4.02046222455456,2.64919743010828,6.77735060710626
56807,020802031502,2019,Bear Garden,Buckingham,VA,James River (ECTI),Recirculating Tower,tower,gas,NGCC,3558440,1.71859561103269,1.40924840104681,2.02794282101857,2.40603385544577,1.58540445117766,4.05588564203715
58560,030101040404,2019,Halifax County Biomass,Halifax,VA,HCSA Maple Avenue WWTP,Recirculating Tower,tower,biomass,ST,206566,0.353189794255515,0.289615631289523,0.416763957221508,0.494465711957721,0.325817585200713,0.833527914443016
59004,020700080703,2019,Stonewall,Loudoun,VA,Municipality,Recirculating Tower,tower,gas,NGCC,3957679,1.88196439875295,1.54321080697742,2.22071799052849,2.63475015825414,1.7361121578496,4.44143598105697
3775,060102050403,2020,Clinch River,Russell,VA,Clinch River,Recirculating Tower,tower,gas,ST,271022,0.456297499035639,0.374163949209224,0.538431048862054,0.638816498649894,0.420934442860377,1.07686209772411
3797,020802060106,2020,Chesterfield,Chesterfield,VA,James River,Once-through fresh,river,multi-fuel,multiple,3486274,1.88837959900224,1.47293608722175,2.30382311078274,230.253978450059,104.35415582687,1744.3579444177
3804,020700110106,2020,Possum Point,Prince William,VA,Potomac River,Recirculating Tower,tower,gas,multiple,3424011,1.75900252258602,1.44238206852054,2.07562297665151,2.46260353162043,1.6226798270856,4.15124595330301
3806,020802060704,2020,Surry,Surry,VA,James River,Once-through saline,OS,nuclear,ST,14340151,0,0,0,1479.68752490595,671.321990236076,11169.4026260927
3809,020801070204,2020,Yorktown,York,VA,York River,Once-through saline,OS,multi-fuel,ST,59989,0,0,0,7.57329841789363,3.44404776903475,56.6866104612178
6168,020801060602,2020,North Anna,Louisa,VA,North Anna River,Once-through fresh,lake,nuclear,ST,15799903,31.8440952478573,24.8383942933287,38.8497962023859,1692.35196153058,770.508134324789,12617.7986943626
7213,030101020601,2020,Clover,Halifax,VA,Roanoke River,Recirculating Tower,tower,coal,ST,1240625,1.75236718152564,1.43694108885103,2.06779327420026,2.4533140541359,1.61655872495741,4.13558654840052
10633,020802060201,2020,Hopewell Cogeneration,Prince George,VA,Municipality,Recirculating Tower,tower,gas,NGCC,1921330,1.64373728565154,1.34786457423426,1.93960999706881,2.30123219991215,1.51634764601354,3.87921999413762
10771,020802060201,2020,Hopewell Power Station,Hopewell City,VA,Municipality,Recirculating Tower,tower,biomass,ST,75987,0.175510385622088,0.143918516210112,0.207102255034064,0.245714539870923,0.161908330736376,0.414204510068128
10773,030101011305,2020,Altavista Power Station,Campbell,VA,Staunton River,Recirculating Tower,tower,biomass,ST,297903,0.60199185801778,0.49363332357458,0.710350392460981,0.842788601224893,0.555337489021402,1.42070078492196
10774,030102011206,2020,Southampton Power Station,Southampton,VA,Wells,Recirculating Tower,tower,biomass,ST,272199,0.610426545837808,0.500549767587002,0.720303324088613,0.854597164172931,0.563118488535377,1.44060664817723
50658,020700100803,2020,Covanta Fairfax Energy,Fairfax,VA,Municipality,Recirculating Tower,tower,biomass,ST,720717,1.52525271250333,1.25070722425273,1.79979820075393,2.13535379750466,1.40704562728432,3.59959640150785
54081,020802060101,2020,Spruance Operating Services LLC,Richmond City,VA,James River,Recirculating Tower,tower,gas,ST,51819,0,0,0,0,0,0
54304,020801040201,2020,Birchwood Power,King George,VA,Rappahannock River,Recirculating Tower,tower,coal,ST,81701,0.127050309297457,0.104181253623914,0.149919364970999,0.177870433016439,0.117203910326904,0.299838729941998
55439,020802040502,2020,Tenaska Virginia Generating Station,Fluvanna,VA,James River,Recirculating Tower,tower,gas,NGCC,4533164,2.33300500494686,1.91306410405643,2.7529459058373,3.26620700692561,2.15219711706348,5.5058918116746
56807,020802031502,2020,Bear Garden,Buckingham,VA,James River (ECTI),Recirculating Tower,tower,gas,NGCC,4270401,2.10455714789554,1.72573686127434,2.48337743451674,2.94638000705376,1.94145396893364,4.96675486903347
58560,030101040404,2020,Halifax County Biomass,Halifax,VA,HCSA Maple Avenue WWTP,Recirculating Tower,tower,biomass,ST,181914,0.320514343229698,0.262821761448352,0.378206925011043,0.448720080521577,0.295674481629396,0.756413850022086
59004,020700080703,2020,Stonewall,Loudoun,VA,Municipality,Recirculating Tower,tower,gas,NGCC,4951542,2.25349132791168,1.84786288888758,2.65911976693579,3.15488785907636,2.07884574999853,5.31823953387157
